month,day,year,dsFactor,dsRate
10,3,2025,0.99985,0.05500
11,3,2025,0.99598,0.04591
1,2,2026,0.98266,0.06939
4,2,2026,0.96566,0.07008
7,2,2026,0.94868,0.07044
10,2,2026,0.93179,0.07065
1,4,2027,0.91483,0.07079
4,5,2027,0.89793,0.07145
7,2,2027,0.88249,0.07152
10,4,2027,0.86623,0.07161
10,2,2028,0.79761,0.07531
10,2,2029,0.73571,0.07668
10,2,2030,0.67577,0.07834
10,2,2031,0.61885,0.07994
10,2,2032,0.56579,0.08123
10,2,2033,0.51613,0.08256
10,2,2034,0.47049,0.08372
10,2,2035,0.42755,0.08492